[
  {
    "id": 1,
    "state": "Tamil Nadu",
    "stateCode": "TN",
    "districtCode": "CH",
    "district": "Chennai",
    "provider": "torrent",
    "station_id": 673
  },
  {
    "id": 2,
    "state": "Tamil Nadu",
    "stateCode": "TN",
    "districtCode": "TRL",
    "district": "Tiruvallur",
    "provider": "torrent",
    "station_id": 891
  },
  {
    "id": 3,
    "state": "Tamil Nadu",
    "stateCode": "TN",
    "districtCode": "NG",
    "district": "Nagapattinam",
    "provider": "torrent",
    "station_id": 858
  },
  {
    "id": 4,
    "state": "Puducherry",
    "stateCode": "PY",
    "districtCode": "KA",
    "district": "Karaikal",
    "provider": "torrent",
    "station_id": 630
  },
  {
    "id": 5,
    "state": "Tamil Nadu",
    "stateCode": "TN",
    "districtCode": "CHP",
    "district": "Chengalpattu",
    "provider": "agp",
    "station_id": "chengalpattu"
  },
  {
    "id": 6,
    "state": "Tamil Nadu",
    "stateCode": "TN",
    "districtCode": "KANCHI",
    "district": "Kancheepuram",
    "provider": "agp",
    "station_id": "kancheepuram"
  },
  {
    "id": 7,
    "state": "Tamil Nadu",
    "stateCode": "TN",
    "districtCode": "RAM",
    "district": "Ramanathapuram",
    "provider": "agp",
    "station_id": "ramanathapuram"
  },
  {
    "id": 8,
    "state": "Tamil Nadu",
    "stateCode": "TN",
    "districtCode": "VEL",
    "district": "Vellore",
    "provider": "agp",
    "station_id": "vellore"
  },
  {
    "id": 9,
    "state": "Tamil Nadu",
    "stateCode": "TN",
    "districtCode": "ARI",
    "district": "Ariyalur",
    "provider": "megha",
    "station_id": 21
  },
  {
    "id": 10,
    "state": "Tamil Nadu",
    "stateCode": "TN",
    "districtCode": "DIN",
    "district": "Dindigul",
    "provider": "megha",
    "station_id": 46
  },
  {
    "id": 11,
    "state": "Tamil Nadu",
    "stateCode": "TN",
    "districtCode": "KAL",
    "district": "Kallakurichi",
    "provider": "megha",
    "station_id": 50
  },
  {
    "id": 12,
    "state": "Tamil Nadu",
    "stateCode": "TN",
    "districtCode": "KAR",
    "district": "Karur",
    "provider": "megha",
    "station_id": 53
  },
  {
    "id": 13,
    "state": "Tamil Nadu",
    "stateCode": "TN",
    "districtCode": "PAD",
    "district": "Padukkottai",
    "provider": "megha",
    "station_id": 47
  },
  {
    "id": 14,
    "state": "Tamil Nadu",
    "stateCode": "TN",
    "districtCode": "PER",
    "district": "Perambalur",
    "provider": "megha",
    "station_id": 22
  },
  {
    "id": 15,
    "state": "Tamil Nadu",
    "stateCode": "TN",
    "districtCode": "SIV",
    "district": "Sivaganga",
    "provider": "megha",
    "station_id": 51
  },
  {
    "id": 16,
    "state": "Tamil Nadu",
    "stateCode": "TN",
    "districtCode": "THAN",
    "district": "Thanjavur",
    "provider": "megha",
    "station_id": 52
  },
  {
    "id": 17,
    "state": "Tamil Nadu",
    "stateCode": "TN",
    "districtCode": "TIRU",
    "district": "Tiruvannamalai",
    "provider": "megha",
    "station_id": 48
  },
  {
    "id": 18,
    "state": "Tamil Nadu",
    "stateCode": "TN",
    "districtCode": "VIL",
    "district": "Villupuram",
    "provider": "megha",
    "station_id": 49
  }
]
